"","component.id","id","degree","X1","X2","X3","Z","Y"
"1",1,1,8,-1.48056759491936,1,1,0,-3.05329429859966
"2",1,2,5,1.57716947155863,1,0,1,-1.10335324398984
"3",1,3,3,-0.956744479084269,1,1,1,4.26197067925029
"4",1,4,4,-0.920005247558641,0,1,0,0.163703817523818
"5",1,5,5,-1.99764209693134,0,1,1,3.66597307374648
"6",1,6,6,-0.27229604424923,0,1,0,1.55298540951117
"7",1,7,2,-0.315348711467784,0,1,1,3.98603562631836
"8",1,8,2,-0.628255236517538,0,1,1,3.77044105991814
"9",1,9,6,-0.106463884872094,0,0,1,4.04434247445084
"10",1,10,10,0.428014802202354,0,0,1,3.00810773260579
"11",1,11,9,-0.777719582147445,1,0,1,3.18534205056013
"12",1,12,2,-1.29388229761362,0,0,1,2.27360248584325
"13",1,13,6,-0.779566508059429,1,0,0,1.63392730705087
"14",1,14,2,0.0119517585652984,0,0,1,4.62075643762893
"15",1,15,3,-0.152416237822168,1,1,0,1.82582388672555
"16",1,16,4,-0.703464254478642,0,0,1,2.91922439360744
"17",1,17,5,1.18887915627567,0,0,1,2.37277744299591
"18",1,18,2,0.340512270849188,1,1,0,4.87377952242036
"19",1,19,2,0.506968172259166,1,1,0,0.622906003476327
"20",1,20,3,-0.293305149081411,1,1,1,6.66385128142213
"21",1,21,7,0.223641415376273,0,0,0,1.91897135738477
"22",1,22,6,2.00720145694544,1,0,0,-3.31002037028833
"23",1,23,4,1.01197911806715,0,0,0,0.254517282112544
"24",1,24,7,-0.302459245168265,1,0,1,5.60103530670568
"25",1,25,4,-1.02524483901366,1,0,1,3.7021396794224
"26",1,26,3,-0.267384829994282,1,0,1,6.15805663825909
"27",1,27,5,-0.199105661114762,0,0,0,0.294123154778834
"28",1,28,4,0.131122595424375,0,0,1,4.86082544397414
"29",1,29,4,0.145799895543701,0,0,1,5.39871267927092
"30",1,30,5,0.362064721117229,0,1,0,1.17260461960055
"31",2,31,3,0.673981163800475,1,0,0,1.7017018998022
"32",2,32,6,2.07203576815057,0,0,0,-2.55343105629883
"33",2,33,2,-0.541028649061476,1,1,0,-0.5637350977547
"34",2,34,4,-1.0704921583121,0,1,0,0.706368177842905
"35",2,35,3,-0.372456732278273,0,1,0,0.762902280719123
"36",2,36,7,-0.485141354788276,1,0,1,3.37629641509495
"37",2,37,3,0.274784178475709,0,0,0,1.15416258790107
"38",2,38,4,-0.4795125615823,1,1,0,2.65499763933924
"39",2,39,7,0.798105326125375,1,0,1,1.55770199210877
"40",2,40,6,-1.00445120238872,1,0,0,0.490489510025345
"41",2,41,8,0.104984233069838,0,0,0,1.47594905631516
"42",2,42,8,-1.15599289019211,1,0,0,-0.169464753165474
"43",2,43,4,0.578134626957856,1,1,0,0.201566678468405
"44",2,44,2,-1.59562565619352,1,1,1,-2.06282003699614
"45",2,45,2,-0.308503656205915,0,1,0,1.79753723093813
"46",2,46,2,0.449465922122599,1,1,0,2.22710216358903
"47",2,47,5,-0.977053282629372,1,0,0,0.576078606371852
"48",2,48,6,0.189997859367245,1,0,1,5.28280472263902
"49",2,49,8,0.731453357300177,1,0,0,0.157176883762979
"50",2,50,6,-0.492599110754294,1,1,0,1.862052612588
"51",2,51,5,-0.042684912173995,1,1,0,4.78549617563824
"52",2,52,4,-0.112670576433895,0,0,0,2.58078419198882
"53",2,53,5,0.456827247726432,0,0,0,1.25834252215636
"54",2,54,4,2.02033484176677,1,0,0,-2.76218799523589
"55",2,55,4,-1.05089006245306,1,0,0,0.450690605956867
"56",2,56,3,0.734652105895187,0,0,0,0.805233825697799
"57",2,57,5,0.539249743951547,1,0,0,1.70564176497997
"58",2,58,6,-1.31427279695036,1,1,0,-1.96752733102529
"59",2,59,10,-0.250038722057874,0,0,0,1.90052149312405
"60",2,60,2,0.314204596436828,0,1,0,2.55888527363031
"61",3,61,6,0.406546693678272,0,1,1,3.29604729320284
"62",3,62,3,0.994420599790523,1,0,0,-0.209963564343989
"63",3,63,4,0.855768431757766,1,0,0,0.638571274156702
"64",3,64,9,0.19712891685252,0,1,0,-0.599759952592852
"65",3,65,6,0.834325037545013,1,1,0,1.01847917483443
"66",3,66,9,0.846790152407738,1,1,0,-0.0594830012345629
"67",3,67,6,1.95410525460771,1,1,1,-3.16502430342028
"68",3,68,4,-2.14926000156704,0,0,0,0.224654704237567
"69",3,69,3,0.971120269710021,1,0,1,2.92580163001247
"70",3,70,1,1.14506157329253,0,0,0,-0.350793612229163
"71",3,71,6,-0.525400626098731,0,1,0,0.71371385991266
"72",3,72,6,0.250320102774171,0,0,0,0.622101575869677
"73",3,73,5,-0.429406611369704,1,1,0,2.54917811061107
"74",3,74,3,-0.182519622146965,1,0,0,5.09593830539311
"75",3,75,2,-0.103310466384681,0,0,1,2.12714460673766
"76",3,76,2,-0.63383820321184,0,1,0,1.97971563435976
"77",3,77,7,-1.27105378720328,0,1,0,1.31523809421036
"78",3,78,6,-0.383950393903242,0,1,0,0.583064230242075
"79",3,79,10,0.516755802363183,1,1,0,1.26213670729349
"80",3,80,7,-0.177968543811207,1,0,0,3.56842695510428
"81",3,81,7,0.0042580386632767,1,1,1,4.0377142919283
"82",3,82,6,-1.27405955085358,0,1,0,-0.31145901291508
"83",3,83,4,-0.202110338324637,1,0,0,3.14083407991727
"84",3,84,8,1.16446587974116,1,1,0,-0.607214515746428
"85",3,85,7,-0.0233794085238708,0,1,0,2.90191129496112
"86",3,86,9,0.897156749900788,1,1,0,1.29147582883017
"87",3,87,7,-0.17672445493159,1,1,0,4.97194733304154
"88",3,88,4,1.11370907755827,1,1,0,-2.48033569863997
"89",3,89,2,-0.541888859649955,1,0,0,1.41815539101306
"90",3,90,7,-0.963398331881266,1,1,0,0.500997324382483
"91",4,91,5,0.376448399581965,0,1,0,4.33883839869785
"92",4,92,5,-0.984673796713479,1,1,1,1.65630599098619
"93",4,93,6,0.897559402273504,1,1,0,-0.127721222394517
"94",4,94,8,0.129262533485368,0,1,0,1.17481074035141
"95",4,95,6,1.0337029805641,1,1,1,-0.266287184693873
"96",4,96,5,-0.342289273627691,1,1,0,4.00754232109392
"97",4,97,4,0.452281256535681,0,1,0,2.22085826928591
"98",4,98,4,-0.694737942026965,1,0,0,1.3199451515653
"99",4,99,3,-0.239013591052881,1,0,0,4.49626713662796
"100",4,100,4,-1.00729895959026,0,0,1,2.90660535442663
"101",4,101,6,1.92671883293018,1,1,0,-5.28998499191765
"102",4,102,7,0.0514303644826475,0,1,0,2.2033212231068
"103",4,103,6,1.80052376157027,0,1,0,-0.592090638943427
"104",4,104,3,-0.551457761402002,0,0,0,1.65712612250337
"105",4,105,4,0.107058894504653,1,0,0,4.91225331972268
"106",4,106,4,0.789124044243829,1,0,0,1.21653010342211
"107",4,107,5,-0.244255317515544,1,1,0,3.84452504466482
"108",4,108,7,0.384179964193405,1,1,0,2.21724526428474
"109",4,109,7,-1.16923551401572,0,1,0,0.10673330814523
"110",4,110,8,1.51827242629017,0,1,0,-0.682358647265723
"111",4,111,5,0.0729811771478023,0,1,1,5.20146211504363
"112",4,112,5,-0.527675028696167,1,1,0,2.36277674472851
"113",4,113,4,-0.524525579440552,0,0,0,1.04224117301912
"114",4,114,13,0.746900748193059,0,1,0,0.838460552714918
"115",4,115,4,-1.18241397156885,1,0,0,1.7939237303104
"116",4,116,5,-1.35470848378535,1,1,1,1.38622306655096
"117",4,117,6,-0.212285509037467,0,0,1,3.84481932786782
"118",4,118,7,-0.089481494677962,0,0,0,1.07384121932334
"119",4,119,5,0.25703251293236,0,0,0,2.02813622987326
"120",4,120,9,1.2042868366767,1,1,0,-0.581001941850981
"121",5,121,6,-0.174031076819401,0,1,0,2.36406142303469
"122",5,122,6,0.690216791053293,1,1,1,2.01085194708755
"123",5,123,5,0.413384581765977,1,1,0,2.01355725703832
"124",5,124,10,-1.43047904733872,1,0,0,-2.39761153467558
"125",5,125,3,-1.29966910189793,1,0,0,-1.87864450987545
"126",5,126,5,1.40334986772223,1,1,1,-0.67962878564303
"127",5,127,7,-0.219350218754375,0,1,0,1.11692456002661
"128",5,128,5,2.13249109182045,0,0,1,0.201296138216784
"129",5,129,7,-1.83346990966075,1,0,1,-1.35645490246971
"130",5,130,5,-0.11050968064787,1,0,0,4.25136881037915
"131",5,131,4,0.765710352768303,1,1,0,2.0689618905715
"132",5,132,3,0.323504604427004,0,0,1,4.80615768666133
"133",5,133,5,-0.735378911852477,0,1,0,1.18861956677805
"134",5,134,5,1.14571714367204,0,0,0,1.14552647735342
"135",5,135,4,-0.2782374383072,0,0,0,1.87415847242228
"136",5,136,5,1.05684132352161,0,1,0,1.84837495817525
"137",5,137,3,0.367514437203756,0,0,0,0.15287597518698
"138",5,138,6,0.847514614754401,0,0,0,1.2745370475062
"139",5,139,3,-1.26282046598614,0,1,1,3.00390972610684
"140",5,140,4,0.528236667796647,0,1,0,1.63560835158379
"141",5,141,5,1.08940682225353,1,0,0,-1.79255767637799
"142",5,142,6,-0.699478363960751,1,1,0,1.05355113694369
"143",5,143,4,1.42102616839858,0,0,1,2.666123377827
"144",5,144,1,1.43902167849824,1,1,0,-0.681835856610016
"145",5,145,5,-1.29531128491286,0,0,0,-0.87546492663882
"146",5,146,7,-0.897059866792365,1,1,0,-0.509330842288988
"147",5,147,5,-1.88477611635603,0,0,0,-1.78872647499529
"148",5,148,6,0.0274979049208333,0,0,0,2.2164885566128
"149",5,149,7,-0.907416652625977,1,1,0,-0.7656525171552
"150",5,150,9,-1.64756170283582,1,1,0,-2.8562627465179
"151",6,151,4,0.252340039095107,0,1,0,3.11451472520967
"152",6,152,5,0.642314265150256,0,1,0,1.34238634185845
"153",6,153,4,-0.346936107707451,1,1,0,1.21976001427485
"154",6,154,2,-0.515263231548538,1,1,0,0.814218156635625
"155",6,155,3,0.398168923330113,1,1,1,5.63692505227634
"156",6,156,3,0.953557213652118,0,1,1,2.42518642039017
"157",6,157,3,0.260178924384099,0,0,0,2.03374912334108
"158",6,158,1,-2.05013437683161,1,0,1,-0.977601871569387
"159",6,159,7,0.287970717575725,1,1,1,4.17957569033134
"160",6,160,3,0.36194541917808,1,1,1,6.55027775576226
"161",6,161,3,-1.68674102390039,0,0,0,0.803284705032312
"162",6,162,6,1.24716980225836,0,1,0,0.41173544281501
"163",6,163,4,-1.77019288204388,0,0,1,3.74485948244358
"164",6,164,3,0.222835865452008,0,1,0,1.74076827935863
"165",6,165,1,-0.560520433082633,0,0,1,2.06816025709357
"166",6,166,6,-0.508129562203864,1,0,1,6.01692998962031
"167",6,167,4,-0.938833088183996,1,1,0,-1.18228223561
"168",6,168,9,1.6356493842398,0,1,0,-0.364004990381302
"169",6,169,7,-0.652816888666918,1,1,0,3.60748156787808
"170",6,170,4,0.839213619475944,0,1,0,1.10315372617419
"171",6,171,4,-0.61159529185926,0,0,1,3.89491177891592
"172",6,172,2,-0.371716971363048,0,0,1,2.81951251171492
"173",6,173,5,-0.515233958297263,0,0,1,3.5754610069351
"174",6,174,3,-0.341768610276271,0,0,1,4.39274433122652
"175",6,175,3,0.683918780578655,1,0,0,-1.53029314464919
"176",6,176,4,0.798342466916299,0,0,0,2.44290405710092
"177",6,177,3,-0.799804142246851,0,0,1,5.13997534566091
"178",6,178,6,0.229630244890438,1,1,0,3.99943372308684
"179",6,179,8,1.69354793059294,1,1,1,-0.367516972922572
"180",6,180,2,-0.768470969691349,1,1,1,2.89915972306438
"181",7,181,6,-1.5431527225713,0,0,0,1.29788004573179
"182",7,182,4,-1.32060090653404,1,0,1,2.30805389358176
"183",7,183,6,-0.675821504570907,0,1,0,1.38361709247964
"184",7,184,8,-0.367005425950837,1,0,1,4.90478007119854
"185",7,185,6,-0.513872180952252,1,0,0,2.38308686949672
"186",7,186,6,-0.959253963060824,1,0,0,1.39421883618393
"187",7,187,6,-0.121663672385953,0,0,0,2.37582265666398
"188",7,188,5,0.665937151118727,0,0,1,4.0448080970887
"189",7,189,0,1.23871981901545,0,1,0,-0.110425443580138
"190",7,190,3,1.18394078254209,1,1,1,1.17374544385132
"191",7,191,5,1.49836149129708,0,0,1,2.20232442111223
"192",7,192,7,-0.289104355354347,0,0,1,4.0847999757908
"193",7,193,7,1.92368721847188,1,0,1,-1.5923929190381
"194",7,194,1,0.518512450554538,0,1,0,2.8932362211604
"195",7,195,5,0.476590956687039,1,0,1,5.80526906406427
"196",7,196,0,0.302603746545976,1,1,0,1.73575417500965
"197",7,197,6,0.821232709868714,1,1,1,4.54958472010579
"198",7,198,3,0.392579260298806,0,1,0,0.678152357611443
"199",7,199,2,-1.44045092388509,0,0,1,1.92932970598457
"200",7,200,3,-0.868897483537004,0,0,1,5.38886492741079
"201",7,201,3,-2.98645606928376,1,1,0,-7.66398291051851
"202",7,202,6,-0.0505472819337749,0,0,1,5.04852238146538
"203",7,203,8,1.29951287635334,0,0,0,-2.25087465058449
"204",7,204,7,-1.35140107729609,0,0,1,1.52518277966784
"205",7,205,6,-0.949798905691075,0,0,0,1.62596301545748
"206",7,206,1,1.68610180270557,1,1,1,-1.32677853074039
"207",7,207,8,0.244295539424513,0,0,1,5.78742375646183
"208",7,208,5,-1.3880796618601,0,0,0,0.588596770906123
"209",7,209,4,0.887119226195818,0,0,0,2.18667023453593
"210",7,210,5,0.0281725183841072,1,0,1,5.3112453685301
"211",8,211,7,0.279087484503259,1,1,0,2.2079773399129
"212",8,212,4,-0.0755679227470965,0,1,0,2.98689899469844
"213",8,213,3,0.123040446673801,1,1,0,4.60807703942152
"214",8,214,8,-1.03141034094869,1,1,0,-1.21838755286219
"215",8,215,4,0.0897032482654508,1,1,0,3.28388822533943
"216",8,216,9,1.32197866931796,1,0,0,-2.82829108039914
"217",8,217,6,-0.30767404672409,0,0,0,0.875781295736087
"218",8,218,8,1.47857607432128,0,0,0,-2.46608923892542
"219",8,219,7,-0.469536110860637,0,0,0,0.592742393475544
"220",8,220,5,-0.865843767729784,0,0,0,0.391773052355996
"221",8,221,5,0.999281501017827,0,0,0,-0.274916190282132
"222",8,222,5,-1.0918678638688,0,1,0,-1.77264716534595
"223",8,223,4,0.853628450739981,0,0,0,-0.534497667887482
"224",8,224,5,-0.627076417035401,1,1,0,1.28474589488884
"225",8,225,5,0.420684779960525,1,1,0,2.43099327934688
"226",8,226,6,-0.39587329633614,1,0,0,2.46177422868739
"227",8,227,4,-0.389748120655664,0,1,0,1.7664918079137
"228",8,228,4,0.38357338399225,0,0,0,1.87120063523186
"229",8,229,3,1.6628702816608,0,0,0,-0.23056193886889
"230",8,230,5,-1.12813925789448,1,0,0,-0.738244590563217
"231",8,231,4,-0.131074874006643,0,0,0,3.14422738803593
"232",8,232,6,-0.416865994512243,0,1,0,2.71755891958243
"233",8,233,5,0.65236130217055,0,0,1,3.16809495822708
"234",8,234,6,-1.64781472099279,0,0,0,-2.45709814124954
"235",8,235,1,-0.676533817057978,0,0,1,4.42658567301575
"236",8,236,4,-1.30546810324467,0,1,1,2.78349783768613
"237",8,237,5,-0.405379789844677,1,0,0,2.19598837393217
"238",8,238,5,1.35909679182259,0,0,0,-0.0898676358336152
"239",8,239,5,-0.66124928522967,0,1,0,1.24585413477244
"240",8,240,2,-0.914581846073858,1,1,0,-0.343449091286333
"241",9,241,3,0.128257999550038,1,0,0,3.28702385758351
"242",9,242,2,-0.225435996740998,0,1,0,3.74165020218759
"243",9,243,6,0.670097231163236,0,1,0,0.610806032887743
"244",9,244,6,0.537797625100396,0,0,1,3.28693932912635
"245",9,245,4,-0.0552669303449633,0,0,1,5.21167454937939
"246",9,246,5,0.502102291221487,1,0,1,3.55249797159556
"247",9,247,6,-0.640253580650597,0,0,0,1.5001550531372
"248",9,248,2,1.80286524569441,0,1,1,-0.665633860069003
"249",9,249,3,0.99871809551267,0,0,0,1.85085505651143
"250",9,250,6,0.877727871546761,0,1,0,0.777811692504981
"251",9,251,3,-0.454863617452481,0,1,0,2.26008955773908
"252",9,252,6,-0.0883943060851383,1,1,0,4.05403751053643
"253",9,253,8,0.0396626650718094,0,1,1,4.4210608781674
"254",9,254,6,0.547069800757107,0,1,0,1.84963212336924
"255",9,255,3,-0.225687182837207,0,0,1,4.51891409356126
"256",9,256,7,0.39365628250606,1,1,0,2.01363413189848
"257",9,257,2,0.123581928484932,0,0,1,3.70801663645797
"258",9,258,6,0.161286632466595,0,1,0,2.6595728418965
"259",9,259,5,-1.27481627949847,0,0,1,0.999761524141384
"260",9,260,8,-1.17720155202698,0,1,0,0.406256398549719
"261",9,261,5,0.12665808275871,0,1,0,2.33244604231605
"262",9,262,6,1.74118436817992,0,1,0,-0.436079677404128
"263",9,263,9,-0.586225418338387,1,1,0,1.54143773645594
"264",9,264,4,-0.445187081520624,1,1,0,3.64470307802305
"265",9,265,7,-0.0869318653863785,1,0,1,7.96213455282177
"266",9,266,5,0.279830658746565,1,1,1,4.08593691755797
"267",9,267,6,0.107016472762859,0,1,0,0.48034585746953
"268",9,268,3,-0.00601526071423487,0,0,1,4.36029626219297
"269",9,269,3,1.74411520516251,1,0,0,-3.26070971937605
"270",9,270,7,-0.0613690752376731,0,0,1,2.91323471928367
"271",10,271,7,-2.5343821922158,1,0,1,-3.42761174722264
"272",10,272,7,0.393002540415343,0,1,1,3.46404281922178
"273",10,273,2,0.667802009300969,0,1,1,5.23759149891515
"274",10,274,6,-0.177935032598308,0,0,1,5.097532581497
"275",10,275,7,-0.396254245470431,0,0,1,4.7796126395309
"276",10,276,4,-0.520089870497769,1,1,0,3.70727550053701
"277",10,277,4,0.878683963899196,0,1,1,3.12063063899616
"278",10,278,7,-0.539351587354318,1,1,1,6.24081989736598
"279",10,279,3,1.36422382535862,1,0,1,2.97258465163978
"280",10,280,5,1.66648686681792,1,0,1,-0.633106863221833
"281",10,281,6,-0.236465228766263,0,1,1,6.35566242471198
"282",10,282,3,0.495589162940322,1,0,1,4.99659830344277
"283",10,283,6,-0.87803611735997,1,0,1,2.429095679713
"284",10,284,2,-0.151994347247611,1,1,1,8.40923430393054
"285",10,285,6,1.13728124207796,1,0,1,3.04845922537945
"286",10,286,4,-2.28304581412229,0,1,1,3.05337560234339
"287",10,287,8,1.65260531126401,1,0,1,0.174652665312853
"288",10,288,4,1.15980849924818,1,1,0,-1.64084322861708
"289",10,289,3,-0.881928746198927,0,0,1,5.47697387379097
"290",10,290,2,0.945288073134426,1,0,1,4.67143964455187
"291",10,291,8,0.0976518487147649,0,1,0,2.66782698293103
"292",10,292,4,-2.93756284271102,0,0,1,1.67974582311689
"293",10,293,4,-0.0202750951167761,0,1,0,1.05463696305723
"294",10,294,4,0.390071703368119,1,0,0,2.15104960863847
"295",10,295,4,-1.94291045345147,1,1,1,-1.78515003354739
"296",10,296,7,-0.638156642085378,1,0,1,2.33345073046326
"297",10,297,5,-0.307666450178497,0,1,1,4.68204478885274
"298",10,298,3,0.729718040753783,1,1,1,2.91020514465048
"299",10,299,5,-0.954475109038733,1,1,0,0.822454666598627
"300",10,300,2,0.858035540731551,1,0,1,4.31251953694602
"301",11,301,5,-1.48139208157706,1,0,0,-0.858068901420142
"302",11,302,6,-0.930332880995426,0,0,0,1.73788433895539
"303",11,303,3,-1.01661496327491,1,0,0,-2.15431106696798
"304",11,304,5,-0.211688286678202,1,0,1,5.41117792664563
"305",11,305,4,1.65286642697269,1,0,1,-1.53311465568579
"306",11,306,8,0.725296603900732,0,1,0,2.29840118629651
"307",11,307,6,-0.232236190994651,0,0,0,2.15645337387794
"308",11,308,9,0.584508043592431,1,0,1,2.34880018508864
"309",11,309,6,2.41545433057664,1,0,1,-3.34294540726994
"310",11,310,3,0.0206977038512628,0,1,0,3.39736755074231
"311",11,311,7,0.33734612159077,0,0,0,0.613839405115962
"312",11,312,3,0.158936159047047,0,1,0,4.58878362891202
"313",11,313,6,0.925637592908863,1,1,0,-0.703365402268637
"314",11,314,3,0.839559140451451,1,0,0,1.22861165765309
"315",11,315,6,-1.09392460018928,0,0,0,1.58076585585827
"316",11,316,4,-0.200862424197995,1,1,0,2.73153685650613
"317",11,317,6,-1.07635012210524,0,1,0,-0.748135514210378
"318",11,318,7,0.259928149159555,1,1,0,1.93768343822874
"319",11,319,6,-0.789660924656541,1,0,1,2.88979794529574
"320",11,320,5,-2.00283041586408,1,1,0,-4.52942224655311
"321",11,321,3,0.592234819720292,1,0,0,1.2783800686032
"322",11,322,9,-0.409303092752289,0,1,1,4.00620880824628
"323",11,323,6,-1.45926612651433,0,0,0,-0.299594688223467
"324",11,324,3,0.150129973262923,0,0,0,3.04315592402422
"325",11,325,5,-0.766352260135608,0,1,0,3.06458794058361
"326",11,326,6,0.636960532839213,1,1,0,2.00609228460157
"327",11,327,4,0.0717969486351564,1,0,1,6.15276386071268
"328",11,328,9,0.520675974110528,1,1,0,2.60054553240386
"329",11,329,4,0.704677184743548,1,1,0,-0.655005862654286
"330",11,330,3,1.56062536785622,0,1,0,0.764303379989925
"331",12,331,5,1.11336856514551,0,0,0,0.768915490429241
"332",12,332,6,-0.569095974603544,1,1,0,0.465318414933893
"333",12,333,2,-0.918296634627872,1,0,0,-1.16339303032269
"334",12,334,4,3.67687785511891e-05,0,1,1,4.32704309968024
"335",12,335,5,-0.107663488526678,1,1,0,4.13324815296838
"336",12,336,5,-1.95484783866513,0,1,1,2.99581533966559
"337",12,337,7,-0.313771941553644,1,0,1,5.28072154357761
"338",12,338,7,-0.364891374129292,0,1,1,5.20865750329677
"339",12,339,4,-0.269123009859461,0,1,0,3.2586807732653
"340",12,340,9,0.520254617404706,0,0,0,1.96124856986811
"341",12,341,5,-0.415470179167645,1,1,0,2.03412113245945
"342",12,342,6,-1.00454506769068,1,0,0,0.581463121780917
"343",12,343,5,0.166726642182254,0,0,0,2.12120908819322
"344",12,344,6,0.28207697899961,1,0,1,4.51870420093019
"345",12,345,6,1.24352243222479,0,0,1,3.10726967138827
"346",12,346,4,-0.202177966500788,1,1,0,4.36804210420679
"347",12,347,6,-1.56614381958732,1,0,1,-1.35000174385134
"348",12,348,6,0.223402673669229,0,1,0,1.94275073583471
"349",12,349,4,-1.26000090362785,1,0,1,1.76267415941371
"350",12,350,4,1.56956475130837,0,0,1,2.18399803679099
"351",12,351,6,-0.304834333150142,1,0,1,7.39103707110516
"352",12,352,7,-1.49111373438978,0,1,1,2.8117502182361
"353",12,353,8,0.232683451936023,0,1,1,4.48767312532831
"354",12,354,7,0.56570219516483,0,0,1,4.79049694946216
"355",12,355,4,-0.326401750120617,1,0,1,5.53195294275003
"356",12,356,6,0.92343719549371,1,0,1,3.02727205596696
"357",12,357,5,-1.14025769498887,1,1,1,0.914749104035064
"358",12,358,6,-0.738178501589735,1,1,0,1.29633354043163
"359",12,359,5,-1.05546428475784,1,1,0,-0.385101175832837
"360",12,360,8,0.498221621633698,1,1,0,4.23458279977148
"361",13,361,6,-0.863845963543163,0,0,0,2.0600881715446
"362",13,362,4,-0.785439280924796,1,1,0,1.96694686890587
"363",13,363,7,0.494961286308026,0,0,1,5.58715979642414
"364",13,364,9,-0.155274771457315,1,0,0,5.09552443018785
"365",13,365,2,0.626087859660604,1,0,1,3.69730437521821
"366",13,366,4,-0.938288695454485,0,0,1,4.52385706907704
"367",13,367,2,-0.0308856167836185,1,0,0,3.79937534085236
"368",13,368,2,0.219018522960626,1,1,1,7.90682109251254
"369",13,369,5,0.134540334798463,0,0,1,5.371420675517
"370",13,370,6,0.845739585898534,0,1,0,3.3539956184659
"371",13,371,7,-0.208909047563922,1,0,0,2.9764666006464
"372",13,372,2,0.0334008253068509,1,1,1,7.39285142100583
"373",13,373,7,0.812323297510572,1,1,1,3.22320710739127
"374",13,374,2,2.40108638567898,0,0,1,1.87680752234301
"375",13,375,2,0.64591316151611,1,0,1,3.26019700742272
"376",13,376,4,0.54159007052703,0,0,1,1.87285918042067
"377",13,377,6,0.702506079122705,0,1,0,0.237320974644857
"378",13,378,5,-1.1382776008417,0,1,1,3.20859509689162
"379",13,379,4,0.00619664814862032,0,1,1,5.23865479847531
"380",13,380,7,-1.26021327858415,0,1,0,1.95740041813872
"381",13,381,4,-1.25111466032597,1,1,0,-0.943673803511372
"382",13,382,5,-0.43886637665398,0,1,0,2.42563776844983
"383",13,383,3,0.169782866048631,1,1,1,7.94223678101071
"384",13,384,5,-0.625754721082407,1,0,1,2.63877805881025
"385",13,385,4,1.63085287325448,1,1,0,-3.01045478702651
"386",13,386,5,-1.54604334296626,1,0,1,0.216528274613707
"387",13,387,6,-0.185822812139085,1,1,1,7.74094571570391
"388",13,388,3,1.0257956667907,1,0,1,0.925339653916852
"389",13,389,3,-0.0951255313023981,0,1,1,5.70237374726515
"390",13,390,9,-0.0124660040360569,0,1,0,3.99863219257166
"391",14,391,4,-0.0297939328843767,0,1,1,3.75953066076365
"392",14,392,6,2.5943540460909,0,1,1,0.932447738687433
"393",14,393,1,1.33634079345983,0,0,1,3.68166673791389
"394",14,394,5,-1.51485371352451,1,1,1,-0.659370620468124
"395",14,395,7,1.19244484102862,1,0,1,0.415972056341817
"396",14,396,4,1.11213732419239,0,1,0,-0.0480848537652859
"397",14,397,3,-0.0666305127719153,0,1,1,5.15371605325293
"398",14,398,4,-0.805324948351065,0,0,1,4.52262540420557
"399",14,399,5,-0.766803795476994,0,0,0,0.31310855535413
"400",14,400,6,-0.249060295408209,0,1,0,2.99241195015729
"401",14,401,3,0.0871257663276019,1,0,1,7.01014404586124
"402",14,402,5,-1.36818435935177,1,1,0,-1.10006619472987
"403",14,403,5,-1.39008345410637,0,1,1,3.56650276777461
"404",14,404,2,0.305267756486546,0,1,1,6.84208674164279
"405",14,405,7,0.155371383353339,0,0,1,3.96015636196322
"406",14,406,5,0.214452063547962,0,0,0,2.32101952160724
"407",14,407,8,-0.180233688516002,0,0,0,1.06352617378012
"408",14,408,4,-0.60260950152366,0,0,0,1.9806298234448
"409",14,409,7,1.74002199216537,1,0,1,-1.48272939956319
"410",14,410,7,1.08488590191358,0,0,0,2.7697514990006
"411",14,411,5,1.30844700857523,1,1,0,-1.94167321760299
"412",14,412,4,-0.959660633593172,0,1,1,4.94149152169952
"413",14,413,5,0.48073818157762,1,0,1,3.85962964491084
"414",14,414,7,-1.56594461550539,0,0,1,2.35441906831712
"415",14,415,3,1.19877970222373,0,0,1,4.60925011705658
"416",14,416,4,1.00110106509036,0,0,0,1.87541469933118
"417",14,417,4,0.0280144916448455,0,1,0,1.49429421271252
"418",14,418,7,-0.291732814105585,0,0,0,2.37160038283479
"419",14,419,4,1.06697174315581,0,1,1,3.74231430869607
"420",14,420,9,-0.264226069301957,0,1,1,2.28224633740272
"421",15,421,4,0.529813619794248,1,1,0,3.60587960301463
"422",15,422,6,-0.941660638772655,1,1,1,4.75428779786439
"423",15,423,9,-1.51217672450597,0,0,1,2.84594356458246
"424",15,424,1,0.243843442493734,0,1,1,8.40960713054127
"425",15,425,3,-0.107633163127931,0,0,0,4.104401297872
"426",15,426,5,-0.304679938052234,0,0,1,3.17103012162783
"427",15,427,4,-0.950900420018459,1,0,1,3.9374353909718
"428",15,428,10,0.22222789793429,0,0,1,3.80311946954557
"429",15,429,7,-1.93418827676396,0,1,1,3.50870254208109
"430",15,430,7,-1.01198492303776,0,1,1,3.7223569015979
"431",15,431,6,0.629364186108164,1,1,1,5.25891580840371
"432",15,432,4,0.186166594091695,1,0,1,7.44701244606299
"433",15,433,6,0.304375698689387,1,0,1,6.34178262499048
"434",15,434,0,0.337316699039791,0,0,1,1.07388990699531
"435",15,435,6,0.347292493296504,1,0,1,4.62749127611398
"436",15,436,8,-1.21725839579479,0,0,1,5.36679849590524
"437",15,437,4,-0.682580281895957,1,1,1,5.2272163300175
"438",15,438,4,-1.79766111692456,1,1,1,-1.95705107312737
"439",15,439,10,-0.0704517625881546,0,1,1,6.38329124371382
"440",15,440,7,-0.149355100310908,1,1,1,8.54776160963511
"441",15,441,5,-0.467020465964854,1,1,1,5.79133177320952
"442",15,442,4,0.653826631329911,0,1,1,4.73551969192921
"443",15,443,9,-0.612437632524589,1,1,1,4.43854139967079
"444",15,444,7,1.16202052078524,0,0,1,3.35046134571647
"445",15,445,5,0.0992623852817218,1,0,1,9.05508172457791
"446",15,446,4,0.726830145596929,0,0,1,4.58467878172377
"447",15,447,7,0.713469429644957,0,0,1,4.3776870274313
"448",15,448,8,0.471947309016579,1,1,1,4.99432721337324
"449",15,449,6,-0.249069330974454,0,0,0,4.58257105335149
"450",15,450,4,0.502919392724401,0,1,1,5.1970334414524
"451",16,451,5,0.737390920024386,0,1,0,2.13271394743033
"452",16,452,3,-2.1931075597202,0,0,0,-4.09637248461814
"453",16,453,6,-0.474160503581233,0,0,0,4.03259950096022
"454",16,454,5,0.21492821333233,1,0,1,2.75130389240106
"455",16,455,6,0.600809553553063,0,1,1,4.3886287599055
"456",16,456,6,0.0988589465883925,0,0,1,4.07911449591253
"457",16,457,5,0.653016435730436,0,1,1,4.25547285890258
"458",16,458,1,-0.521785496646853,1,0,0,0.284729551838618
"459",16,459,4,-0.0827731325974184,0,1,0,0.621591089057369
"460",16,460,4,0.283660561087993,0,1,0,0.200260733381105
"461",16,461,3,-1.18488968056131,0,0,1,2.22150832220218
"462",16,462,8,0.844872030342877,1,0,0,0.808393126458807
"463",16,463,2,-0.394930450126741,1,1,1,4.79269184581869
"464",16,464,7,-0.171612020691383,1,0,0,3.8415621213166
"465",16,465,6,1.48909599717754,1,0,1,-1.65694705379588
"466",16,466,2,0.3155283710919,0,1,0,2.37620171616952
"467",16,467,3,-0.405869874465908,0,0,1,4.27854435892199
"468",16,468,6,0.147547514989117,0,0,1,4.2905112085895
"469",16,469,2,-0.523451717938755,0,0,1,2.55620739204389
"470",16,470,5,0.313200623018432,0,0,0,1.66739576808717
"471",16,471,2,0.330039230189757,0,1,0,3.75308662794684
"472",16,472,2,-0.421853260419033,1,1,0,2.53400627386228
"473",16,473,5,0.274186697038955,1,0,0,4.22456607170738
"474",16,474,4,-0.355004802394951,1,0,1,5.8774791822626
"475",16,475,1,1.07122321182287,1,1,1,3.54628709344063
"476",16,476,5,-0.606175231046267,1,1,0,1.78438848360643
"477",16,477,6,2.66749312337661,1,0,0,-7.50033048362124
"478",16,478,4,2.0027821549637,1,0,1,-3.66879842968642
"479",16,479,4,-2.00752684766048,1,0,0,-5.56412818363175
"480",16,480,6,-0.570304477205487,0,1,0,1.83626381962745
"481",17,481,2,0.279206677977886,0,0,1,5.62891000555291
"482",17,482,6,-0.148457067557944,1,1,0,2.35404003141606
"483",17,483,3,1.99141611444197,1,0,1,-0.786305862322936
"484",17,484,6,-1.08875973192634,0,1,0,3.87475676725569
"485",17,485,6,0.857799311629019,1,1,0,2.22005266968644
"486",17,486,4,-0.205520142602151,0,0,0,3.36813288165854
"487",17,487,4,1.09083412121884,1,0,1,2.27193388038604
"488",17,488,5,0.761040999127807,1,1,1,2.88547095937619
"489",17,489,8,-1.40563835833673,0,1,0,2.06244795003052
"490",17,490,3,-0.0557513630408779,0,0,0,4.45121412564558
"491",17,491,2,0.148124940480642,1,0,1,7.25219174968727
"492",17,492,8,0.622254582144751,0,1,0,2.23667288650588
"493",17,493,7,-2.32631067047764,1,1,1,-4.37828837841866
"494",17,494,3,-0.522518346195365,1,1,1,3.84761605142593
"495",17,495,2,-0.603682927761247,0,0,0,-0.578580349422899
"496",17,496,4,-0.509804599958429,1,1,1,3.97698571338127
"497",17,497,3,0.667673848832139,1,0,0,0.489455841766315
"498",17,498,4,-2.11808797252404,0,1,0,-0.739814982695759
"499",17,499,7,0.0457372929268727,1,1,1,5.10235144716119
"500",17,500,7,-0.433461767817433,1,1,0,2.71042060313629
"501",17,501,4,-1.54930140273481,1,1,1,0.524993162766382
"502",17,502,10,0.871453546438554,0,1,1,3.85919339639815
"503",17,503,5,0.048787531378612,0,0,1,3.81380399578283
"504",17,504,3,0.170273810805003,0,0,1,5.36724434527598
"505",17,505,4,0.0746615906782715,0,0,0,1.19444857933719
"506",17,506,4,0.287560530650909,0,1,0,2.97869889325398
"507",17,507,4,-0.434100076567538,0,1,0,3.0006701329829
"508",17,508,5,-0.145377512097824,0,1,0,3.05322953125733
"509",17,509,6,-0.956942397460364,1,0,1,3.43055657029563
"510",17,510,5,-2.41574063039888,1,1,1,-2.92368186091623
"511",18,511,3,0.303472805106338,1,0,0,3.7649572794404
"512",18,512,5,-1.31482625056222,1,0,0,-0.482758593891667
"513",18,513,2,-0.186748079461681,0,1,1,5.23303467198064
"514",18,514,6,-0.259459178770433,0,1,0,2.33685473030059
"515",18,515,6,-0.667385649534892,0,1,0,0.657806156458354
"516",18,516,6,0.818444517010359,0,1,0,1.38565044781787
"517",18,517,5,-2.28958372073874,1,1,0,-5.33601777964246
"518",18,518,3,0.0451341807636109,0,0,1,2.56333865570143
"519",18,519,3,0.367028372934013,1,1,1,5.06855961633112
"520",18,520,8,0.0427307905000269,0,0,0,3.67181347309735
"521",18,521,1,-0.742971258372587,0,0,0,1.09102743561295
"522",18,522,9,-0.241977518939259,0,1,1,4.84768135189036
"523",18,523,5,-1.37592111993189,0,1,0,-0.417669669118072
"524",18,524,1,-1.35585065663576,0,0,1,2.51993403082905
"525",18,525,6,0.444634411937254,0,1,0,1.68152763284487
"526",18,526,4,1.20219349611507,1,0,1,0.0844996009643328
"527",18,527,7,0.453543377587797,1,1,0,1.72962508521596
"528",18,528,6,0.430648203668209,1,1,0,2.07161377516737
"529",18,529,10,-0.127997346757054,1,1,0,4.78878543910826
"530",18,530,3,-1.26970137939256,1,0,0,-1.34238597727062
"531",18,531,2,1.07831970068396,0,0,1,2.91860653252082
"532",18,532,8,-1.1451622739097,1,1,0,-0.264310293793782
"533",18,533,5,-0.521573708028876,0,1,1,5.91177625762424
"534",18,534,3,-0.282272562412893,0,1,0,-1.21427125464749
"535",18,535,3,-0.27683503709426,0,1,0,1.5523973565794
"536",18,536,4,0.358837583129736,0,0,0,2.526190436137
"537",18,537,4,-1.96018627661214,0,1,0,1.15138912394448
"538",18,538,5,0.198806015805777,0,0,1,4.32902106627425
"539",18,539,6,0.0326361744532007,0,1,0,4.20452045494735
"540",18,540,7,0.0734740218506389,0,1,0,2.58806331430057
"541",19,541,6,0.318428326169502,0,1,1,3.53282950754392
"542",19,542,3,-0.242663397166406,1,0,1,4.51595784096164
"543",19,543,4,0.860717071168329,0,0,1,5.5231995527318
"544",19,544,2,0.160670700422427,1,1,1,6.27993123091788
"545",19,545,4,-0.807408457307026,0,0,1,4.93654015606862
"546",19,546,7,-0.263954061186803,0,1,0,2.22561946333593
"547",19,547,5,-2.49286634739028,1,0,1,-4.42345161003092
"548",19,548,5,0.750452946928931,0,1,1,3.9340396722453
"549",19,549,7,-1.10871222178712,1,1,1,1.62289119915005
"550",19,550,4,-1.05227463633303,0,0,1,2.71946926344184
"551",19,551,5,0.229136232309944,0,1,1,4.32988856909917
"552",19,552,5,-0.21895616286438,0,1,1,3.31364429354674
"553",19,553,2,0.953123274184771,1,0,1,5.19632641310657
"554",19,554,6,-1.25246693568302,0,1,0,1.12084064962262
"555",19,555,8,1.2167197758225,1,1,1,2.08266526860932
"556",19,556,4,0.972290441584162,0,1,1,4.13431754263373
"557",19,557,3,0.0254920918882456,0,1,0,4.28677779136633
"558",19,558,4,-1.04644519181137,0,1,1,5.41339736088297
"559",19,559,5,1.30645952998966,0,1,0,1.03388343830746
"560",19,560,11,0.318745448918963,0,0,0,3.22122813407851
"561",19,561,5,-0.627691445819336,0,1,0,0.813914584996874
"562",19,562,3,-0.24793991969123,0,1,1,5.12698252366119
"563",19,563,8,-0.747747389238278,1,1,0,0.837993705368269
"564",19,564,3,0.156279399884373,1,0,1,6.91953307454387
"565",19,565,7,-0.853497024283031,1,1,1,3.50869008613583
"566",19,566,6,0.801613371199315,1,0,1,3.42951810487409
"567",19,567,7,0.339446231729093,0,1,0,2.10525940461857
"568",19,568,6,-0.449763476966515,1,1,1,4.9053755132379
"569",19,569,4,-1.23253766938876,1,0,0,0.468440993610548
"570",19,570,9,-0.681834881898932,0,1,1,4.25719176716033
"571",20,571,3,0.209585797122902,0,0,1,5.06066140397344
"572",20,572,2,2.11748938076385,0,0,1,1.03827195606177
"573",20,573,4,1.63267629053252,1,1,0,-2.67264841889947
"574",20,574,2,0.0988669114990667,0,1,1,5.47733575926187
"575",20,575,6,-0.0409838711229088,1,1,1,9.30959098194881
"576",20,576,5,-0.268639295483995,0,1,0,2.44337201703224
"577",20,577,7,-0.362813309791461,0,1,1,6.02502171059526
"578",20,578,3,-0.661129721990407,1,0,1,5.63150712516836
"579",20,579,3,1.43124784336508,1,0,1,-0.304561995823427
"580",20,580,8,-1.00637368699813,0,0,0,1.79470761119344
"581",20,581,2,-1.83393516142115,0,0,1,2.20219684929529
"582",20,582,10,0.749339560329325,0,1,1,4.98526559870568
"583",20,583,4,0.318070786215921,0,0,1,6.40674242486473
"584",20,584,4,-0.287765706071928,1,1,1,5.43976908142185
"585",20,585,6,-0.120827227844492,1,1,1,8.58146282678571
"586",20,586,9,0.725808072581205,1,1,1,2.82322149742829
"587",20,587,6,-0.140691212538443,0,0,1,7.0399760060911
"588",20,588,6,-0.409008147035636,0,0,1,5.7939160370809
"589",20,589,6,-1.27970799548768,0,1,1,3.69017221402675
"590",20,590,7,-0.255250056687679,0,1,0,2.31845078173889
"591",20,591,4,0.404942374346213,1,1,1,4.870786727682
"592",20,592,6,-1.21610846782849,1,0,1,0.719670228631123
"593",20,593,5,1.32903527908745,1,1,1,1.08959265702832
"594",20,594,4,-0.0305230812009048,0,0,1,5.44998036954688
"595",20,595,4,-0.533871459796693,1,0,1,6.4676115151974
"596",20,596,4,-0.457136302399932,0,1,1,4.45417191882477
"597",20,597,4,1.78878371904248,1,1,1,0.226542261790964
"598",20,598,3,-0.196389571118357,0,1,0,1.67531188439763
"599",20,599,6,-1.30252698906793,1,1,1,2.05957053406469
"600",20,600,7,-0.0713509763224309,1,0,0,5.41830949467346
"601",21,601,2,-1.41432939875424,1,0,1,0.9630776626426
"602",21,602,5,1.27600583517932,1,0,0,-1.85417089267982
"603",21,603,5,-0.144222411516243,1,1,1,7.22699125074873
"604",21,604,5,0.733503270103258,1,1,0,1.76230135080973
"605",21,605,5,-0.660789654836375,1,0,1,4.38223750639891
"606",21,606,5,1.37053401088916,1,1,0,-4.86547998059432
"607",21,607,4,-1.67376917966908,1,1,1,1.09743627785982
"608",21,608,2,-0.130430993793067,1,0,0,6.40884585087577
"609",21,609,3,-0.595754785795919,0,1,0,2.85932848824368
"610",21,610,5,-1.4864843053795,0,0,1,2.40508497110494
"611",21,611,4,-1.65977343754147,0,1,0,0.191895692589072
"612",21,612,4,-0.274636405693472,1,0,1,4.55189418818933
"613",21,613,5,-1.49602308765416,1,1,0,-1.77824097737133
"614",21,614,4,-0.579777057487487,1,0,1,5.28374602453879
"615",21,615,7,0.44608317105345,1,0,0,2.69660492713404
"616",21,616,4,1.48535893551151,1,1,0,-3.47685185604554
"617",21,617,5,-0.618971683443638,0,0,0,-0.702858377931585
"618",21,618,2,0.134695482724477,0,1,0,0.94115766025818
"619",21,619,5,-0.355124304690797,1,1,1,8.56621203494905
"620",21,620,6,-0.326887109070065,0,0,1,5.17301598139192
"621",21,621,8,-0.833306578845705,0,1,1,5.17661710511646
"622",21,622,5,1.96525645634497,1,1,0,-4.65892662975929
"623",21,623,7,1.57745797994814,0,0,0,0.755453354582859
"624",21,624,9,-0.361648211020081,1,0,1,5.70034077764264
"625",21,625,1,-0.428596355248993,0,1,0,2.65092918223203
"626",21,626,5,-0.80344062601715,1,0,1,3.14854989255742
"627",21,627,4,0.0776353526780902,0,1,0,3.16742737949396
"628",21,628,7,1.74317153078834,1,0,0,-3.13137551569658
"629",21,629,6,-0.315347477571002,0,0,1,3.11646067786296
"630",21,630,5,1.52806839550307,0,0,0,0.655414092822539
"631",22,631,4,0.62446818789048,0,0,1,4.56750463390036
"632",22,632,1,0.0866573794940454,1,1,1,7.43205809940897
"633",22,633,5,-1.67689156657674,1,0,1,0.232740669128022
"634",22,634,5,0.377144914196294,1,0,1,6.44317531750277
"635",22,635,5,-0.426697056278555,1,1,1,4.83530795777415
"636",22,636,6,-1.03539901069919,1,0,1,3.46673973328713
"637",22,637,7,-0.463042436192978,0,0,1,3.76434280114944
"638",22,638,4,0.291547755903966,0,0,0,3.12497714843806
"639",22,639,5,-1.53874463013397,1,1,0,-0.76284092021939
"640",22,640,3,-0.326392385615877,0,1,1,6.01343935242004
"641",22,641,6,-0.978189117114718,0,0,0,2.45119474394782
"642",22,642,3,0.765009545808653,0,1,1,5.51131649874762
"643",22,643,3,0.755095567722847,1,1,1,1.89510448196989
"644",22,644,4,1.34839844085645,0,1,1,3.51503974588762
"645",22,645,9,-0.821732829396261,1,0,1,3.65896353172167
"646",22,646,1,0.564101744013499,0,0,1,5.70341909194958
"647",22,647,4,-0.0270117460664789,0,0,0,1.81640596117126
"648",22,648,3,0.479502897932356,0,1,1,3.95616832287893
"649",22,649,7,-1.00534922555718,1,0,1,3.63923465568779
"650",22,650,7,0.35233948603731,1,0,0,2.63064101131599
"651",22,651,8,0.358385505805138,0,0,1,5.04570702469485
"652",22,652,3,-1.08578497974799,0,1,0,1.01991989069726
"653",22,653,3,0.55527024799803,0,1,1,4.08540949968034
"654",22,654,2,-0.595604248799404,0,1,0,1.60985610238352
"655",22,655,6,1.93178684605359,0,1,1,2.22740244216215
"656",22,656,1,1.18007311469038,0,1,1,3.06568018713697
"657",22,657,6,-0.495598300311181,1,0,1,5.30787655365741
"658",22,658,3,0.460147387968884,1,0,1,4.59468878480027
"659",22,659,6,-0.547875072852636,1,0,0,2.52169311180937
"660",22,660,2,-0.982366532195218,0,1,1,4.85221533740173
"661",23,661,5,-1.97670430756038,0,1,0,-0.347829097786633
"662",23,662,8,0.669158841124287,0,1,0,1.08673593316806
"663",23,663,6,2.09566423425965,1,0,1,-4.17751424507284
"664",23,664,6,-0.113716088535416,0,0,1,3.6424871483328
"665",23,665,4,0.414105510213783,1,1,1,3.88567791509335
"666",23,666,4,-0.939966938981162,0,1,0,-0.551950763339217
"667",23,667,6,-1.38676533523795,1,0,0,-1.22755355622508
"668",23,668,8,-1.0557815073946,1,1,0,-0.120999834849701
"669",23,669,2,-0.0307361538799588,1,0,0,4.71240974666647
"670",23,670,5,-0.381025666899206,0,0,0,1.37160044312317
"671",23,671,4,0.355654678206004,1,0,1,3.67836378302777
"672",23,672,3,-1.06167158663904,1,0,1,3.33716250260414
"673",23,673,4,1.11734552755264,1,1,0,-0.955360154626332
"674",23,674,7,-0.518905589865978,1,0,0,1.89338220097028
"675",23,675,7,-0.18181160337421,1,0,0,3.80366975792209
"676",23,676,6,-0.0201344549253821,1,0,0,4.92521493810309
"677",23,677,3,0.457506888607412,1,1,0,2.11569031881342
"678",23,678,7,0.320658596260446,1,1,0,0.960861494304723
"679",23,679,5,-0.020654018551435,1,0,0,4.81399004056723
"680",23,680,3,-0.724972899140803,1,1,1,4.06372036889988
"681",23,681,4,-1.18709962089495,0,0,0,-1.19122514615936
"682",23,682,5,-0.322312037279447,1,1,1,5.8792962768304
"683",23,683,5,-2.0803148277716,0,1,0,-1.55057053885356
"684",23,684,7,-0.903331142581612,0,1,0,1.43835152197015
"685",23,685,6,0.363536468959103,1,1,1,4.11409090562425
"686",23,686,2,-1.12819408741745,0,1,0,2.53064339613016
"687",23,687,4,-0.690187479310024,1,0,1,4.43184743302312
"688",23,688,9,-1.92891175496491,0,0,0,0.406986001550737
"689",23,689,5,0.433304371229532,0,0,1,4.44315884762783
"690",23,690,4,0.098234618131647,0,0,1,4.04468231573234
"691",24,691,3,0.420904441070337,1,0,1,3.42070034297053
"692",24,692,7,0.426792000968039,1,0,0,1.55711583836404
"693",24,693,6,1.30096783592747,0,0,0,-0.623117123030817
"694",24,694,4,0.395716180521581,0,1,0,1.95491339012382
"695",24,695,5,0.190679485636092,1,1,0,0.242320170201151
"696",24,696,1,0.456472503853334,1,1,0,1.79167116013423
"697",24,697,2,-0.957532438347884,0,0,1,1.02147093446402
"698",24,698,6,1.06160411427485,0,0,1,2.39750195505492
"699",24,699,8,-0.586078637715676,1,0,0,2.19811203722257
"700",24,700,3,1.09749075677224,1,1,0,0.0905959775905132
"701",24,701,5,-0.441884723174934,0,0,0,1.24016955407724
"702",24,702,5,2.93788202787236,1,0,0,-8.16152009874806
"703",24,703,7,0.906829537650836,1,0,0,-1.52051471125878
"704",24,704,11,0.960149719300653,1,0,0,-0.864432034646252
"705",24,705,6,1.47930226571072,0,0,0,0.718795423115543
"706",24,706,3,0.731148114552136,1,1,0,-0.684021856452223
"707",24,707,7,0.794146273931295,0,0,0,1.06877984861487
"708",24,708,3,0.774901859089423,1,1,0,0.798519582300277
"709",24,709,3,-0.919063924237746,1,0,0,1.85359900047161
"710",24,710,2,0.553878226940397,1,1,0,2.94054970433626
"711",24,711,8,0.858667415577736,0,0,0,0.14417249818245
"712",24,712,6,1.75143683250708,1,1,0,-4.02600396689167
"713",24,713,7,0.00670181826957652,1,0,1,7.35002175890237
"714",24,714,11,0.537716547815308,1,0,0,3.57903313496535
"715",24,715,6,-1.40990968931355,0,0,0,-0.0263623635019776
"716",24,716,7,-0.762525270145181,1,0,1,2.56811384630018
"717",24,717,6,0.640087132357394,1,0,0,1.96518865581627
"718",24,718,1,1.09693801982914,1,1,1,1.82580524353504
"719",24,719,4,-0.606889296289765,1,1,0,0.632758160985232
"720",24,720,7,0.531345387210445,0,0,0,0.15402270864945
"721",25,721,5,0.798850407359912,0,1,0,2.16035191481473
"722",25,722,5,0.115530249597319,1,0,0,4.18436219785919
"723",25,723,3,0.561603691755226,1,0,1,4.4494006074751
"724",25,724,7,0.583780523390067,1,1,0,0.261777497322435
"725",25,725,3,-0.812487281251078,1,0,0,1.8115939398195
"726",25,726,6,-0.314822398413308,1,1,0,2.7989266728062
"727",25,727,7,0.333612028758458,0,0,1,4.03273168273148
"728",25,728,6,-0.548376740343806,0,1,0,4.0772591677205
"729",25,729,6,-0.121510783268797,0,0,1,3.62462451505201
"730",25,730,7,-0.351256164823367,1,0,0,4.80751037952709
"731",25,731,6,-0.851943173285764,0,0,1,4.88879657296541
"732",25,732,11,0.0366620433747784,1,1,0,3.63652121193848
"733",25,733,9,-0.987730470232584,0,1,0,-0.0655138215491837
"734",25,734,5,-1.02361741853414,1,1,1,2.24754473827586
"735",25,735,4,0.0438959631688003,0,0,0,2.50929404555213
"736",25,736,7,-0.535410117680035,1,0,1,4.67764985420605
"737",25,737,8,0.591709374493905,1,0,1,3.62601133284791
"738",25,738,2,-0.159534355590612,0,0,1,5.76469016394797
"739",25,739,5,-0.212729280833827,0,1,0,0.699622884808696
"740",25,740,5,-0.668179080992873,0,1,0,-0.0806419856307778
"741",25,741,5,-1.71050186109792,0,1,1,2.76035064045225
"742",25,742,5,-1.80055034112399,1,0,1,-0.749512633548521
"743",25,743,8,1.62748749329115,0,1,1,2.26733109293255
"744",25,744,8,1.60608101685452,0,1,0,0.169536593022698
"745",25,745,5,-2.6653779906198,1,1,1,-6.05868709087314
"746",25,746,5,-1.89156318035293,1,1,1,-0.308611544312646
"747",25,747,2,-0.930760090149836,0,1,0,2.15435951382835
"748",25,748,5,-0.484958969682742,1,0,1,3.8922459965875
"749",25,749,6,0.822470876376879,0,1,0,1.27199052565847
"750",25,750,6,0.428643200063239,0,0,1,4.75208176079377
"751",26,751,5,0.373154575638549,1,0,0,3.1495212770314
"752",26,752,2,-0.607980031844695,0,1,1,5.54920954432989
"753",26,753,3,-0.102044108253979,0,1,0,4.00395795035286
"754",26,754,6,-0.517419328892696,1,0,0,2.44759863678519
"755",26,755,3,0.0490431590639574,1,0,1,8.37299399561611
"756",26,756,6,-0.313030370188507,0,1,0,1.06750407487444
"757",26,757,1,-0.758157696999846,1,1,1,3.2401860638436
"758",26,758,4,0.0988551537763258,1,1,1,5.31642167990428
"759",26,759,3,0.146902334141866,1,1,0,4.07720075397786
"760",26,760,3,0.994145320000923,1,1,1,1.77471569346079
"761",26,761,3,-0.290128228077842,1,0,1,7.35756123655304
"762",26,762,4,0.297185463004163,0,1,0,2.23060450431317
"763",26,763,4,-0.64606902986465,0,0,1,4.17304397167735
"764",26,764,4,-1.19173249245143,0,0,0,2.61833337555276
"765",26,765,6,0.42109046702246,0,0,1,3.54628539335496
"766",26,766,5,-1.17074949439068,1,0,1,0.466900434622602
"767",26,767,6,1.34424583036559,1,0,0,-0.461496539044605
"768",26,768,5,-0.0830810648906809,1,0,1,6.36849300817437
"769",26,769,4,1.07030354121798,1,1,1,1.2676594567081
"770",26,770,4,0.48984669326104,0,0,0,2.76019701377513
"771",26,771,4,-0.803757724597531,0,0,0,1.37107684679487
"772",26,772,5,-1.29107005282066,1,1,1,0.927232591429243
"773",26,773,5,-2.08900947303709,1,1,0,-4.83401943811623
"774",26,774,9,0.348334428068681,0,0,0,-0.294101640872286
"775",26,775,3,-0.213197359050925,0,0,1,3.44336530356078
"776",26,776,4,1.72692388405619,1,1,0,-1.61708012238189
"777",26,777,4,-1.61798002185597,0,1,0,-0.531560319538289
"778",26,778,7,-0.578087568173501,1,1,0,1.71569746733916
"779",26,779,3,-1.10306013012268,0,0,0,-0.365110088904694
"780",26,780,5,-0.646393459258059,0,0,1,2.47873830765409
"781",27,781,3,2.81585904050267,0,0,0,-1.56885668338499
"782",27,782,4,-0.271520673436859,0,0,1,5.23495661240141
"783",27,783,0,-0.612987950940384,1,1,0,2.28807339444527
"784",27,784,4,2.0242066732801,0,0,1,1.81232651318274
"785",27,785,6,-1.18311855717896,0,0,0,-0.74430368647476
"786",27,786,2,-0.749015676635628,0,1,1,4.2300795974712
"787",27,787,2,-0.079551072114421,0,0,1,3.12127365167609
"788",27,788,5,0.995729264426841,0,1,0,0.75526028115164
"789",27,789,9,1.17801389117364,1,1,0,-0.796905843277883
"790",27,790,6,1.46985637918597,0,1,0,0.196932912135783
"791",27,791,3,0.122438763345399,0,0,1,5.91814637273746
"792",27,792,7,-0.500594922668907,1,0,1,5.90600110814617
"793",27,793,3,1.31747127613629,0,0,1,2.70138611563099
"794",27,794,6,-1.2729356058752,0,0,1,3.16099655224444
"795",27,795,3,0.785388269486314,0,1,1,4.39205237334579
"796",27,796,7,0.138672843112874,1,0,1,8.16628477180987
"797",27,797,7,-1.39941143044701,1,0,0,-3.0437518061335
"798",27,798,3,-0.822236776153758,1,1,0,-0.383803430450039
"799",27,799,8,-0.109127690542552,1,0,1,7.25572249033814
"800",27,800,7,0.456345571559385,0,1,1,4.10964192186338
"801",27,801,5,-0.0674802679555466,0,1,1,2.75005557865323
"802",27,802,9,-0.202850605613701,0,1,0,2.61222614249992
"803",27,803,3,0.158049870432473,1,1,1,6.4513269051376
"804",27,804,8,-0.249804196729003,1,1,1,6.5496303502349
"805",27,805,5,-0.304662532785901,1,0,1,6.52953910971363
"806",27,806,4,-0.449777891777303,0,0,1,5.36880023226288
"807",27,807,7,-1.004302946781,1,1,0,-0.50252850018584
"808",27,808,4,1.54054187625786,1,0,1,0.364892790367836
"809",27,809,5,-0.390142478006948,1,1,0,4.47595476318233
"810",27,810,1,0.122880238062195,0,1,0,0.767403074492874
"811",28,811,3,-0.23339882633715,0,0,1,3.96739048373748
"812",28,812,6,0.924945860258817,1,1,0,0.682640055449124
"813",28,813,9,-1.04061333987604,0,1,0,1.62828426159797
"814",28,814,6,2.15971319008053,0,0,1,1.62558335960977
"815",28,815,4,0.299057498628071,1,0,0,3.64877007867124
"816",28,816,6,-0.209891948824465,1,0,1,7.34827561063387
"817",28,817,5,-0.797295167054369,1,0,1,4.68878350699589
"818",28,818,7,-0.0565124400163802,1,0,1,7.98008247683641
"819",28,819,4,-0.76135104586061,1,0,1,6.17310279367161
"820",28,820,6,0.731514894424436,0,1,0,-0.259280717873948
"821",28,821,6,1.04653745475252,1,1,1,1.20399867878628
"822",28,822,4,1.21043651090298,0,1,1,2.9728104919878
"823",28,823,6,-0.255387097318152,1,0,1,6.03011366580055
"824",28,824,8,0.406366495222251,0,1,1,5.1359335202068
"825",28,825,5,0.135108398807734,0,1,1,4.63467574981915
"826",28,826,2,0.155484973253196,1,0,1,6.5909293666346
"827",28,827,5,-1.43344284898528,1,0,1,1.56604489068465
"828",28,828,8,0.532793662551191,0,1,0,1.58348691463274
"829",28,829,8,1.20334452546509,1,1,1,3.16311186887169
"830",28,830,7,-0.441294390747423,1,1,0,2.58452089541454
"831",28,831,4,-0.82917330129933,0,0,0,3.02976558158934
"832",28,832,5,-0.517653935522319,1,0,1,5.98978207168546
"833",28,833,6,0.701946362123526,1,0,1,4.39831703957657
"834",28,834,7,-0.551793334988893,1,1,1,4.76571098929873
"835",28,835,6,0.694937449688574,1,0,1,4.56199218131269
"836",28,836,5,1.35722302495667,1,1,1,1.13449029533349
"837",28,837,5,-0.450903374262724,0,0,0,1.48829292980446
"838",28,838,3,0.153596421375024,1,1,1,6.03726716534272
"839",28,839,3,0.224061573384263,1,1,0,2.16779715375959
"840",28,840,3,-0.0124783652514826,1,1,0,5.85531512205527
"841",29,841,6,0.129813672941913,1,1,1,6.64811930694455
"842",29,842,8,0.466271280657921,0,1,1,3.66296681358812
"843",29,843,4,-0.399962605250516,0,0,1,4.84351490749639
"844",29,844,5,0.269391842327516,1,1,1,7.33522582289456
"845",29,845,6,-0.401685587386973,1,1,1,5.18305969371051
"846",29,846,3,1.524711695127,0,1,1,3.33398973392313
"847",29,847,1,2.65403619109904,0,0,1,2.35006208046195
"848",29,848,6,1.27991131152524,0,1,1,1.47326026200383
"849",29,849,4,-0.141226109262406,0,1,1,4.16950706771842
"850",29,850,8,-1.68419324495902,0,1,1,5.55978651560889
"851",29,851,5,-1.16227328228253,0,1,1,4.53572752496679
"852",29,852,7,0.0682057053641368,0,1,1,6.20096462481793
"853",29,853,2,-1.07006454061333,0,1,1,4.22210226894029
"854",29,854,2,-2.17254805767778,0,0,0,0.549976050828616
"855",29,855,4,-2.36371523079551,1,0,1,-0.88754616014332
"856",29,856,6,0.797737510558856,1,1,0,0.653497249483545
"857",29,857,7,0.0290942679401704,0,1,1,6.16107292978654
"858",29,858,1,0.425446094852548,0,0,1,3.15164753442415
"859",29,859,5,-3.04577478515471,0,1,0,-0.230847990919708
"860",29,860,5,-0.745837913993942,0,1,1,6.08813510027203
"861",29,861,4,0.747460035450844,0,0,1,4.59649465329061
"862",29,862,2,1.63139703626199,0,1,0,0.929312505237492
"863",29,863,2,-0.0567126765438918,0,0,1,4.98026969364401
"864",29,864,4,-0.18799053965641,0,1,1,3.7326858139347
"865",29,865,3,0.261519833146124,1,1,1,6.614620435139
"866",29,866,2,-1.28312120901715,1,0,1,2.69241807707018
"867",29,867,5,-0.0620259967849858,1,1,0,5.05484636333648
"868",29,868,8,0.513586749565526,0,1,1,5.48264917978491
"869",29,869,1,0.454579597659587,0,0,1,6.00161425794148
"870",29,870,6,-0.300487207715441,0,1,1,4.65278335010172
"871",30,871,5,0.334614492418626,0,1,0,1.88573059940293
"872",30,872,7,-0.0407183960277822,1,1,1,8.88826234383603
"873",30,873,4,0.946429326966881,0,0,1,5.37754264103387
"874",30,874,3,-0.253222941846061,0,1,1,7.98481630779525
"875",30,875,5,0.304386046044287,0,0,0,1.92514495872525
"876",30,876,3,1.8276561442266,1,1,1,-3.03026621057744
"877",30,877,5,-1.00374576464047,0,1,0,1.01210278294161
"878",30,878,5,-0.299038520034493,1,1,0,3.94266082180856
"879",30,879,7,0.531478637832653,0,1,1,4.81330347135005
"880",30,880,2,0.990702059726821,1,0,1,5.74611215876019
"881",30,881,6,3.10723731339797,1,1,1,-7.031867224615
"882",30,882,4,0.709524109505041,1,0,1,4.78744602138044
"883",30,883,5,-0.687263806272125,0,1,1,3.99733103993424
"884",30,884,4,-0.047258893013502,0,1,0,3.74166598191147
"885",30,885,4,-1.64282419691578,0,1,1,4.30228455198367
"886",30,886,1,2.13797206420732,0,0,1,3.28971114112718
"887",30,887,5,-1.39737005490268,0,1,0,-0.573288212969932
"888",30,888,3,0.547372236849071,0,0,1,5.42772347096364
"889",30,889,4,0.530743122793446,1,0,1,3.96913910595322
"890",30,890,2,1.46736405064828,1,1,1,0.553549213125934
"891",30,891,7,0.381066643657651,1,1,0,0.816767252700929
"892",30,892,4,0.0060112297331985,1,0,1,7.96201325711804
"893",30,893,6,0.126464304192225,0,1,0,1.99436188131172
"894",30,894,6,1.14467179848077,0,1,1,4.64131407371448
"895",30,895,4,-0.628167257180362,0,0,1,5.29691337383569
"896",30,896,4,0.998948689709511,1,0,0,-1.1702655254806
"897",30,897,6,-0.926794039451991,1,0,1,2.97751866188995
"898",30,898,4,0.227825137998263,0,1,0,2.76116669679925
"899",30,899,5,0.244692856083803,1,1,1,5.44463316915685
"900",30,900,6,0.270893911394821,0,1,1,6.59209646373364
